target,feature,kind,pearson_r,p_pearson,spearman_r,p_spearman,n
rail_investment_pct_gdp,inflation_pct,level,0.3648562619998899,4.1069447034653145e-22,0.1482654747403793,0.0001595254056427047,642
rail_investment_pct_gdp,passenger_modal_split_rail_pct,level,0.24162783035152477,1.6093225734859573e-09,0.1557661348358862,0.00012125043459052899,602
rail_investment_pct_gdp,infant_mortality_rate,level,0.21658888691910105,2.3388868407197033e-08,-0.013339853522749924,0.7349505520481773,647
rail_investment_pct_gdp,poverty_risk_rate_pct,level,0.20752705216758338,0.06290779444468857,0.1030712282593385,0.360956122438231,81
rail_investment_pct_gdp,rail_wagons,level,0.19840579459027385,3.1697101701600682e-06,0.1848085200798664,1.4749495423076772e-05,540
rail_investment_pct_gdp,poverty_risk_rate_pct,delta,-0.18071757152610224,0.171504941740078,-0.20613486124240227,0.11758400045046209,59
rail_investment_pct_gdp,life_satisfaction_high_pct,delta,0.17903812926386548,0.1609352198738963,0.2388087301909078,0.05926483495611629,63
rail_investment_pct_gdp,cars_per_1000_inhabitants,level,-0.16326095011055416,2.7866604252222267e-05,-0.14615313087326204,0.00018082963664935278,650
rail_investment_pct_gdp,electricity_access_pct,level,-0.1563437266900053,9.630636704423879e-05,-0.063202636119272,0.11743437891493341,615
rail_investment_pct_gdp,life_expectancy_years,level,-0.15419392249343578,7.997843979154258e-05,-0.21934045543098651,1.52995742063424e-08,647
rail_investment_pct_gdp,gov_revenue_pct_gdp,level,-0.1411099341837011,0.0006799704862661811,-0.09313277398630763,0.02549059522184455,575
rail_investment_pct_gdp,price_level_index,level,-0.13838562586582234,0.0004724961337842384,-0.15261483039475848,0.00011303286642267518,633
rail_investment_pct_gdp,internet_users_pct,level,-0.13278664419767366,0.000726914668097671,-0.37224779161356764,4.492997534716037e-23,643
rail_investment_pct_gdp,gdp_per_capita_pps,level,-0.13225830174988393,0.0009695155980830083,-0.30911909314103686,2.279507438007387e-15,618
rail_investment_pct_gdp,gov_expenditure_pct_gdp,level,-0.1245911086073956,0.0027413055028234017,0.007277575197016501,0.8618203861594504,575
rail_investment_pct_gdp,passenger_modal_split_rail_pct,delta,-0.12129881762563398,0.0029689244689624686,-0.08880752407374636,0.029995908158294088,597
rail_investment_pct_gdp,life_satisfaction_high_pct,level,0.11647120243793295,0.1756093272531564,0.12237008072763883,0.15454175524662028,137
rail_investment_pct_gdp,rail_employees,level,0.1156732993842514,0.03562853773388605,0.10835876613787669,0.049161255839724,330
rail_investment_pct_gdp,inflation_pct,delta,0.11549361464821867,0.0035928365099311453,-0.07831599767707628,0.048867071572833244,633
rail_investment_pct_gdp,life_satisfaction,delta,0.11524570202131981,0.3698932872594198,0.18198843349398655,0.15399659004185448,63
rail_investment_pct_gdp,life_satisfaction,level,0.11172767256965395,0.19402506653923177,0.08322715342289935,0.3342154857995988,137
rail_investment_pct_gdp,rail_seat_km,delta,-0.11111688391958856,0.1867668463137107,-0.029605339470271982,0.7260404051516138,143
rail_investment_pct_gdp,urban_population_pct,level,-0.10986614499017379,0.005119924229809386,-3.325381346338638e-05,0.9993266755266572,647
rail_investment_pct_gdp,rail_locomotives,level,0.10943896431768882,0.008194341057378648,0.2392535372412158,4.336937924514371e-09,582
rail_investment_pct_gdp,infant_mortality_rate,delta,-0.10049149631661292,0.010502657524716073,-0.14584879237429893,0.00019314970603813693,647
rail_investment_pct_gdp,gdp_per_capita_eur,level,-0.09892790947256433,0.012041942420477186,-0.24375683514821886,3.1079286710106534e-10,643
rail_investment_pct_gdp,gni_per_capita_usd,level,-0.09705677374880121,0.01407247057129139,-0.1391711924150403,0.00041135339464298343,639
rail_investment_pct_gdp,gdp_per_capita_usd,level,-0.09651516670227796,0.014013064981750529,-0.14787579201313197,0.00015658603475172947,647
rail_investment_pct_gdp,education_spend_pct_gdp,level,-0.09191047585906668,0.039107187551424616,-0.0003590111510402837,0.9935884621965668,504
rail_investment_pct_gdp,gov_debt_pct_gdp,level,-0.08853741867735723,0.03237873934088426,-0.1311556974400804,0.0014743482319515703,584
rail_investment_pct_gdp,fertility_rate,level,-0.08586642160135738,0.028931053963303532,-0.2787657265401795,3.687073645631754e-13,647
rail_investment_pct_gdp,exports_pct_gdp,level,-0.08209669359043727,0.036790608588891174,0.062004445493610866,0.11513702942237884,647
rail_investment_pct_gdp,material_deprivation_pct,level,0.07818834005373083,0.15096042483153804,0.04006111926400125,0.4625065857529536,339
rail_investment_pct_gdp,health_spend_pct_gdp,level,-0.07103074256308005,0.10672390005568153,-0.11569469248351563,0.008419230622162936,517
rail_investment_pct_gdp,material_deprivation_pct,delta,0.07101468458810219,0.2046164145442129,0.02844064560788712,0.6119400072636113,321
rail_investment_pct_gdp,arope_rate_pct,delta,0.06827741931919735,0.2226703614566812,-0.006235392690110919,0.9114621755365903,321
rail_investment_pct_gdp,imports_pct_gdp,level,-0.06154078851534102,0.1178865833900163,0.029554797312891134,0.4531130828662782,647
rail_investment_pct_gdp,rail_locomotives,delta,-0.059458278218268816,0.16193208250423674,-0.11408896110189316,0.00709812304123343,555
rail_investment_pct_gdp,co2_per_capita,level,-0.05928066029658975,0.13882230528248837,0.21045382713046284,9.912549536081915e-08,625
rail_investment_pct_gdp,rail_wagons,delta,-0.05812638792321315,0.1909743349837109,-0.14742382857581907,0.0008460957343394179,508
rail_investment_pct_gdp,rail_freight_tonne_km,delta,-0.05694510972108834,0.17966723991852016,0.007164331778206372,0.8660867159062361,557
rail_investment_pct_gdp,urban_population_pct,delta,-0.05451837094522721,0.16608478140703617,-0.2545012880844783,4.0117462264700925e-11,647
rail_investment_pct_gdp,death_rate,level,0.05381966292956496,0.16960793130116095,0.201659531692386,1.860371205273459e-07,653
rail_investment_pct_gdp,population_density,delta,-0.05291091012536646,0.19050171953248232,-0.17500482459175987,1.237731398347405e-05,614
rail_investment_pct_gdp,population_total,delta,-0.04855372599328772,0.21469420664686167,-0.1358253154132194,0.0004834363302733071,655
rail_investment_pct_gdp,freight_modal_split_rail_pct,delta,0.04768080684722172,0.35934523941216123,0.01573853733627063,0.7623834401856425,372
rail_investment_pct_gdp,gdp_current_usd,level,-0.04739328486229377,0.22874095921300056,-0.0844239790714547,0.03174933789976999,647
rail_investment_pct_gdp,gdp_current_meur,level,-0.04664613456301278,0.23221207605491154,-0.11077821378530772,0.004415737234375874,658
rail_investment_pct_gdp,gva_total_meur,level,-0.046498372770338615,0.23369672141852235,-0.10930072877812352,0.004976513230487893,658
rail_investment_pct_gdp,arope_rate_pct,level,0.04643553779753357,0.39433063166200427,-0.06675933952776984,0.2203711717916689,339
rail_investment_pct_gdp,rail_track_length_km,level,0.04628206178560742,0.25738543384475654,0.09536663956663456,0.019324655755251025,601
rail_investment_pct_gdp,compensation_employees_meur,level,-0.045217608184820374,0.24793180789921576,-0.10915798895492061,0.00513529401176922,655
rail_investment_pct_gdp,rail_gross_tonne_km,delta,-0.0447331630237112,0.3532903054784408,0.02711179145995906,0.5738844697910168,433
rail_investment_pct_gdp,rail_accidents,delta,-0.043223273755567025,0.413820503226433,-0.02480254488330418,0.6392652020620913,360
rail_investment_pct_gdp,gov_expenditure_pct_gdp,delta,0.04222540974846927,0.3208743342483301,-0.009447057816620651,0.8243433047003638,555
rail_investment_pct_gdp,gdp_pps,level,-0.040987536383494165,0.308747275330991,-0.17472726470121622,1.1782454358463583e-05,619
rail_investment_pct_gdp,gov_revenue_pct_gdp,delta,0.03924256680096827,0.35628593286516314,-0.015765110355606873,0.7110644208076643,555
rail_investment_pct_gdp,birth_rate,delta,0.039086973118959575,0.31800455373953357,0.11754217486130943,0.002567301042745858,655
rail_investment_pct_gdp,co2_per_capita,delta,-0.03759198791608093,0.3482529042337786,0.007217199149144407,0.8571529205314342,625
rail_investment_pct_gdp,homicide_rate,delta,-0.037423940347182306,0.37603021403402515,-0.005144567688862105,0.9031880796055902,562
rail_investment_pct_gdp,compensation_employees_meur,delta,-0.037330079955309035,0.3489288996823201,-0.07405805916583603,0.06277616528564818,632
rail_investment_pct_gdp,unemployment_rate_pct,level,-0.03647859531106111,0.39596635849549683,0.05860264561697152,0.17237051340524623,544
rail_investment_pct_gdp,electricity_access_pct,delta,0.03470214877360658,0.3908225272600724,-0.016851304103757247,0.6769878729293004,614
rail_investment_pct_gdp,gdp_per_capita_eur,delta,-0.03377436998001878,0.40018268066397783,-0.04257730911219764,0.2887772668186021,623
rail_investment_pct_gdp,price_level_index,delta,-0.03349211576736546,0.4087212397628581,0.042018517184095494,0.2998810341749909,611
rail_investment_pct_gdp,exports_pct_gdp,delta,0.03249676141895004,0.41084937127958104,0.07942296133729425,0.044062000211439696,643
rail_investment_pct_gdp,education_spend_pct_gdp,delta,-0.03139618082368944,0.4968676390180369,-0.001831552921785847,0.9683940156528457,471
rail_investment_pct_gdp,pop_growth_rate,level,-0.030907303842769223,0.42879132264930764,-0.11322382226072862,0.003611832211563762,658
rail_investment_pct_gdp,gdp_per_capita_pps,delta,-0.030810635279744064,0.4529382421766974,-0.01950509602862662,0.6347581948437195,596
rail_investment_pct_gdp,rail_network_length_km,level,0.029836826575026024,0.4449627985389081,0.12283352093351223,0.0015796977189045467,658
rail_investment_pct_gdp,gdp_current_meur,delta,-0.02963518192801198,0.4554177411812961,-0.026073245593583892,0.5114018894586908,637
rail_investment_pct_gdp,gva_total_meur,delta,-0.02939734678218922,0.45904541816793115,-0.024908022141847026,0.5304640970748036,637
rail_investment_pct_gdp,rail_high_speed_pkm,delta,0.028164562838022485,0.7149986713189829,0.016724457826854375,0.8283689165459271,171
rail_investment_pct_gdp,rail_vehicle_km,level,-0.027012976988016472,0.6546922967409277,-0.03919477104400576,0.5162598850461557,277
rail_investment_pct_gdp,gov_deficit_pct_gdp,delta,-0.025641635095346112,0.5624565168217448,-0.025449335030753476,0.5653920518766262,513
rail_investment_pct_gdp,gov_deficit_pct_gdp,level,-0.025332510579832018,0.5600465091954672,-0.24798987849154516,5.704218181435885e-09,532
rail_investment_pct_gdp,rail_fatalities,delta,0.025057655321790922,0.6161895352258293,-0.028554104413980763,0.567838748102945,403
rail_investment_pct_gdp,gdp_growth_pct,delta,0.02497355510178763,0.535949955421697,0.030420682915012535,0.4508327285150551,617
rail_investment_pct_gdp,fdi_pct_gdp,delta,0.023748525355654925,0.5472762373846207,0.0014320984226140585,0.9710542076374635,645
rail_investment_pct_gdp,imports_pct_gdp,delta,0.02279587962133436,0.5640778586063351,0.0799085668816298,0.042778729010266726,643
rail_investment_pct_gdp,gni_per_capita_usd,delta,-0.022486884782540607,0.5717970789070081,0.06662713024353768,0.09345154627121043,635
rail_investment_pct_gdp,rail_passenger_km,delta,-0.022419785084065547,0.5940325256256151,-0.05500941224688083,0.19057496560572798,568
rail_investment_pct_gdp,gov_debt_pct_gdp,delta,0.022297000164385433,0.5950813942710553,0.06344574532153292,0.12999529624348846,571
rail_investment_pct_gdp,death_rate,delta,-0.022147490494426113,0.5728390189649767,-0.051041507817218855,0.19345200101909155,651
rail_investment_pct_gdp,rail_gross_tonne_km,level,0.022026363369802255,0.638416181084256,0.1348878920222464,0.003792788511300944,458
rail_investment_pct_gdp,gdp_pps,delta,-0.020159803074467738,0.6231410028908206,-0.027410542882591225,0.5039929818927256,597
rail_investment_pct_gdp,rail_freight_tonnes,delta,0.019892186971356404,0.6740299922561784,0.01778733967573379,0.7068378963893023,450
rail_investment_pct_gdp,homicide_rate,level,0.019575139155193044,0.6399136184303704,0.017909368231629016,0.6686504098947648,574
rail_investment_pct_gdp,net_migration_rate,level,-0.018931412517790097,0.6292974841521002,0.014442301284472148,0.7126991452159427,653
rail_investment_pct_gdp,gini_coefficient,delta,-0.018098114334400894,0.6886685595016275,0.06003941114922612,0.18331097921501324,493
rail_investment_pct_gdp,suicide_rate,delta,-0.01802680485233302,0.7059403060103634,0.004952696763562292,0.9174446375015483,441
rail_investment_pct_gdp,rail_passengers,level,-0.017630428450446024,0.7372656386481509,-0.13456604032897201,0.009997447264836047,365
rail_investment_pct_gdp,gdp_per_capita_usd,delta,-0.016389285784155657,0.6779191509257534,-0.03970389358041287,0.31415817904451715,645
rail_investment_pct_gdp,rail_high_speed_pkm,level,-0.015340360450973953,0.830794066805128,0.012751272123230583,0.8590258965010986,197
rail_investment_pct_gdp,population_total,level,0.013748342787169139,0.7255311061625628,-0.009855856417538712,0.8012957981209332,655
rail_investment_pct_gdp,birth_rate,level,-0.013713694813537281,0.7257923305106986,-0.13399376263322416,0.0005659869113031684,657
rail_investment_pct_gdp,gdp_current_usd,delta,-0.013273084421561212,0.7366224562174828,-0.045710592074545225,0.24645218307663183,645
rail_investment_pct_gdp,rail_vehicle_km,delta,-0.01325409878145503,0.830758834115381,0.0044298057343776275,0.9430563788849199,263
rail_investment_pct_gdp,life_expectancy_years,delta,0.012155438714504963,0.7577128198537784,0.05223071316970969,0.18461648002384715,647
rail_investment_pct_gdp,rail_electrified_km,delta,-0.0114533598852225,0.769587555960239,0.08934806410275425,0.02196078431398802,657
rail_investment_pct_gdp,gini_coefficient,level,-0.011339368437700066,0.7930966421258625,-0.10197890480139614,0.017932585489101368,538
rail_investment_pct_gdp,fertility_rate,delta,0.011144231086762012,0.7773143705777894,0.07414025459214714,0.059439627930188615,647
rail_investment_pct_gdp,fdi_pct_gdp,level,0.010310866680064252,0.7935760748632779,0.07285214072086124,0.06401702263039032,647
rail_investment_pct_gdp,rail_train_km,level,-0.010298431241376357,0.8419222385519209,0.07398525579606621,0.15118992594050637,378
rail_investment_pct_gdp,rail_freight_tonne_km,level,0.009810076334351738,0.8135430172653271,0.18238485336584398,9.231079465836664e-06,581
rail_investment_pct_gdp,internet_users_pct,delta,-0.009044621985164604,0.819426890070295,0.11132370826414109,0.0047817938468146,640
rail_investment_pct_gdp,net_earnings_eur,level,-0.009037353404720342,0.8449912288874833,-0.2533594424390146,2.1065536544208798e-08,471
rail_investment_pct_gdp,rail_track_length_km,delta,0.0089223063645897,0.829137780388324,-0.05395262826519253,0.19148170413900215,588
rail_investment_pct_gdp,rail_fatalities,level,0.008842033360974626,0.8567097081492013,0.1720603390617257,0.000386882768619383,420
rail_investment_pct_gdp,ppp_factor,delta,-0.008194027886613928,0.8398776021458624,0.12714618792068189,0.001620524190294386,611
rail_investment_pct_gdp,rail_accidents,level,0.007997224933541472,0.8737121351539054,0.2643097915639639,7.416514642528156e-08,398
rail_investment_pct_gdp,population_density,level,-0.00683590175236664,0.8657073632144865,0.032647787037822076,0.41912006485685255,615
rail_investment_pct_gdp,cars_per_1000_inhabitants,delta,-0.005700559501885136,0.8854192420661242,0.004250194978924153,0.9144407276796438,642
rail_investment_pct_gdp,rail_seat_km,level,0.005661996608478438,0.9445307238494957,0.21502299694893795,0.0072717410208200835,154
rail_investment_pct_gdp,ppp_factor,level,0.005584580153412449,0.8885230618923402,0.06152879840419862,0.12202877696095145,633
rail_investment_pct_gdp,net_earnings_eur,delta,0.005447526587762133,0.9083065830557275,-0.014544104051705684,0.7584486835109369,450
rail_investment_pct_gdp,net_migration_rate,delta,-0.004804203566527667,0.9026646013362949,-0.06729389646673437,0.08623238883594334,651
rail_investment_pct_gdp,health_spend_pct_gdp,delta,0.004579576013844895,0.9189258434950435,0.02653424108647069,0.5552634276693632,497
rail_investment_pct_gdp,rail_passengers,delta,-0.0032988252247877704,0.9518540749482935,-0.08687092820055117,0.11093224211460338,338
rail_investment_pct_gdp,rail_freight_tonnes,level,0.0031365774119962017,0.9459012466985994,0.09950184376705383,0.03079587258905694,471
rail_investment_pct_gdp,pop_growth_rate,delta,-0.0030685647250648838,0.9374033455795273,-0.02695674415620631,0.4901499998484158,658
rail_investment_pct_gdp,rail_electrified_km,level,-0.002898516613691254,0.9408656876088684,0.11769605300895059,0.0024763475446683858,658
rail_investment_pct_gdp,unemployment_rate_pct,delta,0.0027162462066012863,0.9504684548718199,0.09573888455175818,0.028077803070853426,526
rail_investment_pct_gdp,suicide_rate,level,0.002389335364194664,0.9592186580158644,0.34691162611313353,9.512456194369631e-15,461
rail_investment_pct_gdp,gdp_growth_pct,level,0.00218985235437934,0.955992967471472,0.059196295167547,0.13532054899371931,638
rail_investment_pct_gdp,rail_employees,delta,-0.0014287334288816762,0.979737715139082,-0.10225871295579539,0.06812685701119411,319
rail_investment_pct_gdp,rail_train_km,delta,0.0011936739412825067,0.9820819351809907,0.033497003293657776,0.5283817379681458,357
rail_investment_pct_gdp,freight_modal_split_rail_pct,level,0.0010370113846155246,0.9837660524402522,0.23506447450061344,2.5992981842625315e-06,388
rail_investment_pct_gdp,rail_network_length_km,delta,0.0007237061200321035,0.9852338776049202,-0.0053541000001715655,0.8910908870202175,657
rail_investment_pct_gdp,rail_passenger_km,level,0.00027161334146190663,0.9947404853065505,0.1262712642299,0.0020633232736697836,592
rail_investment_per_capita,life_satisfaction,level,0.4655798183742402,4.608176592296557e-09,0.43035066108167735,8.86783222770304e-08,138
rail_investment_per_capita,life_satisfaction_high_pct,level,0.4618357055871687,6.424412780389729e-09,0.413647062243484,3.181339275302158e-07,138
rail_investment_per_capita,inflation_pct,level,0.28094786981206177,4.4594093621798663e-13,0.1340417870216885,0.000719327646294665,632
rail_investment_per_capita,passenger_modal_split_rail_pct,level,0.20894267707580153,1.6647717301649076e-07,0.2666500293651324,1.5478599762771894e-11,612
rail_investment_per_capita,rail_wagons,level,0.2006839233789249,3.980098706563553e-06,0.12254327540030399,0.005233776560876605,517
rail_investment_per_capita,life_satisfaction,delta,-0.19806679133934454,0.12000148546908466,-0.04797736510681133,0.7099549377500186,63
rail_investment_per_capita,infant_mortality_rate,level,0.19187369818425118,1.3403600984922246e-06,-0.08742884199967221,0.02920027543630601,622
rail_investment_per_capita,electricity_access_pct,level,-0.18370822102022455,6.150725059715842e-06,0.07109247184874615,0.0831530049181527,595
rail_investment_per_capita,poverty_risk_rate_pct,level,0.17567854705135005,0.09971156005501132,0.03103115451907138,0.7734512199673149,89
rail_investment_per_capita,cars_per_1000_inhabitants,level,-0.15948789052838044,5.044103957183177e-05,-0.007561982802846465,0.8488706467272565,638
rail_investment_per_capita,life_expectancy_years,level,-0.15245412577375905,0.00013193551839175022,-0.05804165269625189,0.14826573993817163,622
rail_investment_per_capita,poverty_risk_rate_pct,delta,-0.1428968164908644,0.2534439222509743,-0.15921552386485602,0.20245870669051494,66
rail_investment_per_capita,price_level_index,level,-0.13300378043292538,0.0006468840585075123,0.03523516061540139,0.3688146635033592,653
rail_investment_per_capita,internet_users_pct,level,-0.13110008424206007,0.0010554615011377226,-0.20091105012655286,4.206889680492572e-07,620
rail_investment_per_capita,gdp_per_capita_pps,level,-0.12894181967266957,0.0013258698614677601,-0.03578763816570269,0.37538108702365836,616
rail_investment_per_capita,rail_employees,level,0.128312603294035,0.020796874002670412,0.07880257298224332,0.15712785262102705,324
rail_investment_per_capita,gov_revenue_pct_gdp,level,-0.12612788418101994,0.002510539579401515,0.08427105455569345,0.04409509673619914,571
rail_investment_per_capita,rail_seat_km,delta,-0.11870699796385596,0.17059314804922596,-0.020768380894777925,0.8113809880233273,135
rail_investment_per_capita,urban_population_pct,level,-0.11688388308438694,0.0034847346384197946,0.04330292435657708,0.2810166245477704,622
rail_investment_per_capita,rail_locomotives,level,0.11039453478326273,0.009080404403157584,0.18648445441422515,8.941983826934907e-06,557
rail_investment_per_capita,gov_expenditure_pct_gdp,level,-0.10476481655420926,0.012209554345990359,0.11802423504917953,0.004713133440441795,571
rail_investment_per_capita,fertility_rate,level,-0.1022286173597976,0.010700371707441552,-0.23527340945879668,2.4422338674560158e-09,622
rail_investment_per_capita,gni_per_capita_usd,level,-0.10206710243842369,0.011349386019924766,-0.019555819741113735,0.6287759077583163,614
rail_investment_per_capita,gdp_per_capita_eur,level,-0.10191925082143004,0.010438734320833878,0.030127369503219956,0.4504789785856145,630
rail_investment_per_capita,gdp_per_capita_usd,level,-0.10070274030748355,0.011937847177064087,0.0006436105396876021,0.9872241432368805,622
rail_investment_per_capita,passenger_modal_split_rail_pct,delta,-0.09241563109713223,0.02285453697473463,-0.012028280240184212,0.7677025428704369,606
rail_investment_per_capita,education_spend_pct_gdp,level,-0.090223576691004,0.04746922279271828,0.12688655268201057,0.00518980926178218,483
rail_investment_per_capita,inflation_pct,delta,0.08424900336726668,0.035486072683186265,-0.021148093632668483,0.5984284610847141,623
rail_investment_per_capita,infant_mortality_rate,delta,-0.07979899150810589,0.046634332468246796,0.022018122567519647,0.5837653287740405,622
rail_investment_per_capita,material_deprivation_pct,level,0.07726022662274339,0.15164741416896044,-0.25469580191472047,1.4127753801568886e-06,346
rail_investment_per_capita,health_spend_pct_gdp,level,-0.0736841406392345,0.09814437426875645,0.12039916846699579,0.006713414554660654,505
rail_investment_per_capita,rail_wagons,delta,-0.07161651619294472,0.11487975495046868,-0.1303683374275274,0.003957389962542046,486
rail_investment_per_capita,material_deprivation_pct,delta,0.07151182007103556,0.19587713642088705,0.13000104164321682,0.018245960156799357,329
rail_investment_per_capita,arope_rate_pct,delta,0.06869417009280478,0.21413989967259386,0.10114885538847868,0.06686848354454446,329
rail_investment_per_capita,population_density,delta,-0.06515764043124196,0.11267996811356429,-0.05964645093492836,0.14656895659678099,594
rail_investment_per_capita,pop_growth_rate,level,-0.06424841483096425,0.10094716136207935,0.008056293754147896,0.8372592772091706,653
rail_investment_per_capita,exports_pct_gdp,level,-0.0639493993009477,0.1111115736667072,0.07589651750621662,0.05850141995358062,622
rail_investment_per_capita,gov_debt_pct_gdp,level,-0.06236415202828996,0.1380767644207174,-0.05121799818027344,0.2234424194156016,567
rail_investment_per_capita,death_rate,level,0.06127623408866797,0.11862066115490061,0.0631752818168023,0.10759847205873597,650
rail_investment_per_capita,co2_per_capita,level,-0.0597233141311299,0.14268109770296225,0.21860587802390263,5.1199748434063424e-08,604
rail_investment_per_capita,ppp_factor,level,0.05797307899623873,0.13895640197517892,0.21129264936917908,4.5178907179370804e-08,653
rail_investment_per_capita,rail_gross_tonne_km,delta,-0.05716004330850004,0.24091187863443217,0.004440848804092184,0.9274839170305231,423
rail_investment_per_capita,population_total,delta,-0.05625013085287965,0.15111107295917486,-0.0636001117479549,0.10444355101175079,653
rail_investment_per_capita,rail_freight_tonne_km,delta,-0.05364275569443861,0.20670688903431478,-0.007950585066000666,0.8516845336269987,556
rail_investment_per_capita,freight_modal_split_rail_pct,delta,0.0477562894529192,0.3527879294324324,0.03749580302223003,0.46579147073471405,381
rail_investment_per_capita,gdp_current_meur,level,-0.046999405974828504,0.23890373800135442,0.021098392628412236,0.5972345832816637,630
rail_investment_per_capita,gva_total_meur,level,-0.04691850480227035,0.23971434826593155,0.02203319456807366,0.5810855297035478,630
rail_investment_per_capita,gdp_current_usd,level,-0.046877301664493186,0.24315014983201985,0.01751408745110594,0.6629891074768819,622
rail_investment_per_capita,net_migration_rate,level,-0.04681967821629202,0.23334524875376808,0.1619864592308124,3.2254447267710905e-05,650
rail_investment_per_capita,compensation_employees_meur,level,-0.04648991266976186,0.244040980315298,0.044097769746352204,0.26919281080622165,630
rail_investment_per_capita,birth_rate,delta,0.04592413414743982,0.24169413136988924,0.07004303343945793,0.07388796771304484,652
rail_investment_per_capita,rail_high_speed_pkm,delta,0.0458817678396765,0.5541448873605566,0.011176595012183065,0.8854954553218922,169
rail_investment_per_capita,homicide_rate,delta,-0.045596292576941304,0.29215652303805534,0.02653380424253922,0.5400586776849732,536
rail_investment_per_capita,arope_rate_pct,level,0.045434946366119854,0.39976180058356137,-0.32673876223859677,3.351722278740611e-10,346
rail_investment_per_capita,imports_pct_gdp,level,-0.04411493656840554,0.27208237788359135,0.051424845022531314,0.20034654104674116,622
rail_investment_per_capita,urban_population_pct,delta,-0.04392692812299231,0.2741335154630001,-0.11908615331083194,0.0029112652395584487,622
rail_investment_per_capita,fdi_pct_gdp,delta,0.04339808747676618,0.2807376942737741,0.009365307660549691,0.8160439009686893,620
rail_investment_per_capita,gdp_growth_pct,delta,0.042633865728104896,0.3005182733032925,-0.00236950429175774,0.9541418313977724,592
rail_investment_per_capita,electricity_access_pct,delta,0.04144651959816349,0.3133763092255778,-0.11385472429408747,0.005437261747748316,594
rail_investment_per_capita,exports_pct_gdp,delta,0.03941112244656353,0.3281383518713788,0.04310944108623453,0.28473528471178033,618
rail_investment_per_capita,gdp_pps,level,-0.03913949224247508,0.3322740450927616,-0.0011393185970820952,0.9774960848746082,616
rail_investment_per_capita,compensation_employees_meur,delta,-0.03649848580313107,0.36831914735967486,0.014145421858325862,0.7274427589006491,610
rail_investment_per_capita,education_spend_pct_gdp,delta,-0.03585021922278743,0.44777392792980236,-0.01616896952071311,0.7321534238229808,451
rail_investment_per_capita,rail_track_length_km,level,0.035155930646569605,0.39134671320967307,0.04853343521531335,0.23649519933966434,597
rail_investment_per_capita,rail_locomotives,delta,-0.03513330355520636,0.4193011563285239,-0.042377269764864785,0.3298882198327122,531
rail_investment_per_capita,rail_accidents,delta,-0.03510940853170663,0.502194969845368,0.04314887267023667,0.4094452689748755,368
rail_investment_per_capita,gdp_per_capita_eur,delta,-0.03408343183390599,0.4004918152133204,0.05414735015411407,0.18140096248709942,611
rail_investment_per_capita,gov_deficit_pct_gdp,level,-0.03303400582215926,0.44721950722739084,-0.20062552299227532,2.899165916779406e-06,532
rail_investment_per_capita,imports_pct_gdp,delta,0.030373908407168804,0.45116140277447353,0.05330114279789897,0.1858090184506823,618
rail_investment_per_capita,gov_expenditure_pct_gdp,delta,0.03031603306782694,0.477767593953411,-0.004157274053253363,0.9224723918977455,551
rail_investment_per_capita,price_level_index,delta,-0.028254746940618036,0.4794908176025899,-0.02304184785243008,0.564203679364961,629
rail_investment_per_capita,unemployment_rate_pct,level,-0.02739047278287605,0.5313441640493801,-0.20736347168434738,1.5289553380584248e-06,525
rail_investment_per_capita,birth_rate,level,-0.027311888982707398,0.4861204593111784,-0.15079945338972892,0.00010697816019186976,653
rail_investment_per_capita,gov_revenue_pct_gdp,delta,0.027173099528936203,0.5246052886361073,-0.02487938475644326,0.56020861071641,551
rail_investment_per_capita,rail_network_length_km,level,0.02671865566949201,0.49564568680946725,0.0811228455081332,0.0381918442272964,653
rail_investment_per_capita,gva_total_meur,delta,-0.026656264973734693,0.5109001234250896,0.03553043743682167,0.3807766168037718,611
rail_investment_per_capita,gdp_current_meur,delta,-0.02663650047935521,0.5112136682143656,0.03534864491361707,0.38322036068909615,611
rail_investment_per_capita,death_rate,delta,-0.025587836902346495,0.5156971672449457,-0.032717709799348196,0.4058474079309154,648
rail_investment_per_capita,suicide_rate,level,0.025405928928423104,0.5906751551539446,0.33635196989084376,1.2866267821306034e-13,451
rail_investment_per_capita,gdp_per_capita_pps,delta,-0.02453761208607069,0.5507469742716614,0.05074290084786749,0.21696255538148793,594
rail_investment_per_capita,rail_seat_km,level,0.02440329646578179,0.7703791927754646,0.19660509923272387,0.017215633950436706,146
rail_investment_per_capita,co2_per_capita,delta,-0.024128666047206725,0.5540941255303891,-0.03454988997804574,0.3968066257181901,604
rail_investment_per_capita,gni_per_capita_usd,delta,-0.02402869395065198,0.553771708610667,0.05838644500716841,0.149831643825697,610
rail_investment_per_capita,rail_fatalities,delta,0.02402040776096203,0.6266341387374345,0.0076839319034126006,0.8763555575353851,413
rail_investment_per_capita,fdi_pct_gdp,level,0.02256933757685098,0.5743790684404377,0.010628223315438173,0.7914431442613353,622
rail_investment_per_capita,rail_passengers,level,-0.02195474184537774,0.674422303178758,0.08448580530866728,0.10519558403569222,369
rail_investment_per_capita,life_expectancy_years,delta,0.021950220110293735,0.584926501921634,-0.005429929953540883,0.8925356457035741,622
rail_investment_per_capita,gdp_growth_pct,level,0.021088492757506495,0.6030148530209036,-0.020015356369254438,0.6215903300557502,611
rail_investment_per_capita,rail_freight_tonnes,delta,0.020957401854763434,0.656224001474311,0.03039008400115277,0.5185476799873963,454
rail_investment_per_capita,rail_fatalities,level,0.02080457517457368,0.6668534125813572,0.03756097252666608,0.4369032387024512,431
rail_investment_per_capita,rail_gross_tonne_km,level,0.02052084323553681,0.6657599990917906,0.16417133014718166,0.0004885402284716192,446
rail_investment_per_capita,fertility_rate,delta,0.018757284110114573,0.6406926746237144,0.024550384795863345,0.5412464336115135,622
rail_investment_per_capita,rail_passenger_km,delta,-0.018545321584110302,0.658744366253736,0.037445875811468986,0.37235574458162896,570
rail_investment_per_capita,life_satisfaction_high_pct,delta,-0.018317478732773222,0.8871570571727364,0.14182077501445864,0.2687290311026085,63
rail_investment_per_capita,gov_deficit_pct_gdp,delta,-0.01806189127264024,0.6833182399296209,-0.026826979121116225,0.5445254523868763,513
rail_investment_per_capita,rail_accidents,level,0.017772291124347164,0.7205692379460695,0.15658889218996525,0.0014858501657780288,408
rail_investment_per_capita,gdp_pps,delta,-0.016914730139139095,0.6808931676385621,0.0681635560314791,0.09698223432809788,594
rail_investment_per_capita,gini_coefficient,level,-0.016699293030018554,0.701698473833022,-0.32229551193031697,1.789361952834537e-14,529
rail_investment_per_capita,suicide_rate,delta,-0.016567519282493743,0.7317618145734663,0.03628840237542727,0.45261046699255797,431
rail_investment_per_capita,rail_train_km,level,-0.016248008746579067,0.750479030944391,0.22188233029238752,1.0065347436523258e-05,386
rail_investment_per_capita,rail_vehicle_km,level,-0.015465167894342624,0.8008483222759117,-0.03091759945821156,0.6139722032094401,269
rail_investment_per_capita,cars_per_1000_inhabitants,delta,-0.015399998585049113,0.6999867847367498,-0.10584197457459406,0.007857765852456813,629
rail_investment_per_capita,net_migration_rate,delta,-0.014776672199835701,0.707431232676386,-0.07888167747930144,0.04469465496823665,648
rail_investment_per_capita,gdp_per_capita_usd,delta,-0.014544614120752484,0.717870560215047,-0.042304494653788986,0.2930522390906965,620
rail_investment_per_capita,rail_vehicle_km,delta,-0.014074201344272405,0.8228517213773122,0.035623398082758745,0.5708061062966654,256
rail_investment_per_capita,unemployment_rate_pct,delta,0.013970771359302506,0.7535404310745845,0.09633916961920955,0.02987913357628886,508
rail_investment_per_capita,gov_debt_pct_gdp,delta,0.013120697316733838,0.7580785962268198,0.015514988674028944,0.7156947835098928,554
rail_investment_per_capita,gdp_current_usd,delta,-0.011467257238012384,0.7757565761085812,-0.03383988621888578,0.4004115719413334,620
rail_investment_per_capita,rail_freight_tonne_km,level,0.011419328187679361,0.783843633929625,0.1354577253823495,0.0010606311718490658,580
rail_investment_per_capita,gini_coefficient,delta,-0.011311129328341298,0.8040701781450963,0.060954352864710515,0.1807358903934246,484
rail_investment_per_capita,homicide_rate,level,0.011165539373549544,0.794160359708338,-0.13009734344313112,0.0022336662830267323,549
rail_investment_per_capita,rail_high_speed_pkm,level,-0.01106505782777771,0.8790878702175502,0.020988955208057183,0.7728929971407846,192
rail_investment_per_capita,rail_track_length_km,delta,0.010287981182638274,0.8038124680663206,-0.006799281285163358,0.8695942878084542,586
rail_investment_per_capita,internet_users_pct,delta,0.010216217577239716,0.799987893138635,0.01500811993319044,0.7097311267667556,618
rail_investment_per_capita,rail_employees,delta,0.00919973730228028,0.8717316728475093,-0.0448016605814276,0.43140325795873596,311
rail_investment_per_capita,rail_network_length_km,delta,0.008662655703853318,0.8252008386119647,0.02164935431283628,0.580921868321438,653
rail_investment_per_capita,pop_growth_rate,delta,-0.008659715568183941,0.8252592110665272,-0.04326560648131382,0.2697016384766999,653
rail_investment_per_capita,net_earnings_eur,level,-0.00860238419519441,0.8501980858594239,0.05037464839362376,0.2683427643152045,485
rail_investment_per_capita,ppp_factor,delta,-0.007024178743067443,0.8604920913866008,0.07519563326776624,0.05943628300523964,629
rail_investment_per_capita,rail_electrified_km,delta,-0.006748219249183669,0.8633989126783799,0.1068949805365667,0.006223829951678763,653
rail_investment_per_capita,population_total,level,0.006726951660212092,0.8638252243243297,-0.02356890499502039,0.5478380992159562,653
rail_investment_per_capita,net_earnings_eur,delta,0.00523470563746097,0.9106069861129159,0.08654143955355106,0.06277782899614924,463
rail_investment_per_capita,rail_passenger_km,level,-0.004265836855415336,0.9173336852025454,0.1945795896085832,1.6229387044727388e-06,595
rail_investment_per_capita,rail_passengers,delta,-0.0034971114778979094,0.9487362309207239,0.08869855477746477,0.1020490743389614,341
rail_investment_per_capita,rail_electrified_km,level,-0.0033134648397264016,0.9326768560497369,0.1241982286625927,0.0014581836571814055,653
rail_investment_per_capita,rail_freight_tonnes,level,-0.003086745314798262,0.9464762299958136,0.1321609968208037,0.0038374432967007636,476
rail_investment_per_capita,freight_modal_split_rail_pct,level,0.002239931016849949,0.9645365915387926,0.07214962333148923,0.15139485979726963,397
rail_investment_per_capita,health_spend_pct_gdp,delta,0.0022340155649777436,0.9608820215101761,0.019107204300816784,0.6748214202543443,485
rail_investment_per_capita,population_density,level,-0.0014899116171368948,0.9710821080964093,0.08283226764203867,0.04338085051365967,595
rail_investment_per_capita,rail_train_km,delta,0.00037549140259543294,0.9943076709572062,0.10546839343555954,0.04428537190473196,364
rail_investment_per_network_km,life_satisfaction,level,0.38381554528711515,2.5993729629511244e-06,0.38349522530640456,2.6554981664930216e-06,138
rail_investment_per_network_km,inflation_pct,level,0.2892486672139107,7.142640032260734e-14,0.15868527284657907,5.739176981059669e-05,635
rail_investment_per_network_km,life_satisfaction_high_pct,level,0.2676627434666112,0.0014346135043326002,0.2972734745213273,0.0003687259696069316,138
rail_investment_per_network_km,poverty_risk_rate_pct,level,0.259711691336869,0.013704362910342308,0.1544852417423353,0.14868267263473542,89
rail_investment_per_network_km,rail_wagons,level,0.20991906757587042,1.2655622096205232e-06,0.14089876596966291,0.0012590175030485877,520
rail_investment_per_network_km,passenger_modal_split_rail_pct,level,0.20374090129557623,3.4098646461859125e-07,0.236467875092561,2.7126149655270798e-09,612
rail_investment_per_network_km,infant_mortality_rate,level,0.19847304795803863,5.262701988101713e-07,-0.020342633770602244,0.61186449163636,625
rail_investment_per_network_km,electricity_access_pct,level,-0.18537670048728708,4.857046360199385e-06,0.05188653482915279,0.20561288508540407,597
rail_investment_per_network_km,cars_per_1000_inhabitants,level,-0.15328017768573987,9.16971767090962e-05,0.003911968518732945,0.9211036228096564,644
rail_investment_per_network_km,life_expectancy_years,level,-0.1481271988675607,0.00019791535909385484,-0.01767509475694643,0.659313266450835,625
rail_investment_per_network_km,internet_users_pct,level,-0.14599558661873335,0.0002508168818215532,-0.21528635642619265,5.157679670029886e-08,623
rail_investment_per_network_km,rail_employees,level,0.14286085083676395,0.009960665203797788,0.1511566995292247,0.006350584562425677,324
rail_investment_per_network_km,gdp_per_capita_pps,level,-0.13040060794436567,0.0011445542538292192,-0.02817614537105209,0.48459535272875054,618
rail_investment_per_network_km,gov_revenue_pct_gdp,level,-0.1303909805835119,0.0017758211370744864,0.03998125959307494,0.3404018291952628,571
rail_investment_per_network_km,price_level_index,level,-0.12890312321744002,0.0009001698280976865,0.016257471702370952,0.677094549202371,659
rail_investment_per_network_km,poverty_risk_rate_pct,delta,-0.12303710075015362,0.3263216847573671,-0.19736210400270895,0.11243529053125248,66
rail_investment_per_network_km,life_satisfaction,delta,-0.12249324467176027,0.34027735683669547,0.017311708302624306,0.8933161344503803,63
rail_investment_per_network_km,rail_seat_km,delta,-0.12125839218666835,0.16150078391158498,-0.06556730478257017,0.45061310222849715,135
rail_investment_per_network_km,rail_locomotives,level,0.12089333017054174,0.004141105207224856,0.19262495524475054,4.151998286535391e-06,560
rail_investment_per_network_km,urban_population_pct,level,-0.1193180796119981,0.0027895182892579105,0.09861357356062911,0.01360850942727855,625
rail_investment_per_network_km,gov_expenditure_pct_gdp,level,-0.10818139688730014,0.009642589317187825,0.11177042970500461,0.00747352072930923,571
rail_investment_per_network_km,fertility_rate,level,-0.10309683395996179,0.009868708732716013,-0.21204538362497477,7.879464734324234e-08,625
rail_investment_per_network_km,gdp_per_capita_eur,level,-0.10146651978228219,0.010662946849304281,0.02430911432169554,0.5420011787827139,632
rail_investment_per_network_km,gni_per_capita_usd,level,-0.10064090941169364,0.012340518157782568,-0.019107327252855636,0.6358432769175459,617
rail_investment_per_network_km,gdp_per_capita_usd,level,-0.09961049822308213,0.012683145517008977,-0.0001263800977676992,0.9974851434120117,625
rail_investment_per_network_km,passenger_modal_split_rail_pct,delta,-0.0968132452626905,0.01708742253317306,-0.017268038957651003,0.6715095666184623,606
rail_investment_per_network_km,education_spend_pct_gdp,level,-0.09374293694205225,0.03900446643984937,0.02406675451075035,0.5971692976335617,485
rail_investment_per_network_km,infant_mortality_rate,delta,-0.0869428440403492,0.029717399287441503,-0.02383297871841711,0.5521741663851356,625
rail_investment_per_network_km,inflation_pct,delta,0.08586155173570727,0.03168267063052453,-0.017651287252711947,0.6594871590170179,626
rail_investment_per_network_km,exports_pct_gdp,level,-0.0858024702459799,0.03193828917603167,-0.0232259442525636,0.5623479305906998,625
rail_investment_per_network_km,rail_high_speed_pkm,delta,0.08441561134979941,0.27417763130711037,0.39422201582978944,7.200181269419056e-08,170
rail_investment_per_network_km,rail_wagons,delta,-0.08030899303303524,0.07601924929740812,-0.11096254216083024,0.014036453508340034,489
rail_investment_per_network_km,material_deprivation_pct,level,0.07715741466830914,0.1521950042398012,-0.14302295035464888,0.007650705466400017,346
rail_investment_per_network_km,health_spend_pct_gdp,level,-0.07242876741138268,0.10333967209375519,0.11051979158159973,0.012726226645691938,507
rail_investment_per_network_km,material_deprivation_pct,delta,0.07177269870228757,0.19424545045329583,0.13487713289986691,0.014277660776741164,329
rail_investment_per_network_km,rail_gross_tonne_km,delta,-0.06886547812313636,0.15650591995689792,0.01774970125395619,0.7153622367158945,425
rail_investment_per_network_km,arope_rate_pct,delta,0.0687552473589777,0.2137315043995335,0.10271119176843141,0.06273544385624816,329
rail_investment_per_network_km,imports_pct_gdp,level,-0.06629432091363303,0.09776148777667844,-0.014439576276498892,0.71873719033591,625
rail_investment_per_network_km,rail_freight_tonne_km,delta,-0.06488808345850468,0.1258156690624939,0.013744520222868527,0.7460744503118775,558
rail_investment_per_network_km,population_density,delta,-0.06115212341977189,0.13595835425794384,0.1472895615881424,0.00030265686344050995,596
rail_investment_per_network_km,pop_growth_rate,level,-0.060365688131557016,0.12162274337723308,0.09912474348268992,0.0108592161007551,659
rail_investment_per_network_km,rail_seat_km,level,0.059041669215675704,0.47965485740857844,0.3113026787622474,0.00011792157883638164,146
rail_investment_per_network_km,co2_per_capita,level,-0.056996419150747345,0.16082948548153667,0.194840213865793,1.2315901629557584e-06,607
rail_investment_per_network_km,population_total,delta,-0.05551624466792929,0.1565271168853141,0.08067793744151865,0.039267552745699,653
rail_investment_per_network_km,death_rate,level,0.05231971009469586,0.18083362190510177,-0.04698231607619233,0.229571154144987,656
rail_investment_per_network_km,gov_debt_pct_gdp,level,-0.051622798354150554,0.21857600359264073,0.061515565411840736,0.14247241476218647,570
rail_investment_per_network_km,birth_rate,delta,0.048418215472305196,0.21492526988485253,0.06491345745293225,0.09617891043776738,658
rail_investment_per_network_km,freight_modal_split_rail_pct,delta,0.048226759315175054,0.3480577367854809,0.0934272337148484,0.06849355273259163,381
rail_investment_per_network_km,rail_locomotives,delta,-0.04677910419875064,0.2807042400563033,-0.052386668077010486,0.22694149237423364,534
rail_investment_per_network_km,homicide_rate,delta,-0.04654856789556138,0.28127921426541413,0.037864425005305465,0.38090740184096367,538
rail_investment_per_network_km,net_migration_rate,level,-0.046202410739674245,0.23740759718478838,0.2190544556755474,1.2711956939788997e-08,656
rail_investment_per_network_km,urban_population_pct,delta,-0.045992438094924905,0.25102723036154906,-0.05066451652422985,0.20599603092805893,625
rail_investment_per_network_km,arope_rate_pct,level,0.045816422357072444,0.3958109083317835,-0.16516895032283502,0.0020201544166334453,346
rail_investment_per_network_km,gdp_growth_pct,delta,0.04293562083870463,0.2958790745759137,-0.008459476488037507,0.8369214749120903,595
rail_investment_per_network_km,electricity_access_pct,delta,0.0416525457604543,0.3101568505789561,-0.10992076433600469,0.0071966466511005165,596
rail_investment_per_network_km,compensation_employees_meur,level,-0.04103963390695783,0.30269769490124493,0.16439540164059133,3.126123303730705e-05,633
rail_investment_per_network_km,gdp_current_meur,level,-0.039282905956206766,0.3238874416828901,0.15213779477908648,0.00011884026152858599,633
rail_investment_per_network_km,gva_total_meur,level,-0.03912337782502793,0.32585827369568454,0.15297010123517,0.00010888234709963945,633
rail_investment_per_network_km,rail_track_length_km,level,0.03893636854259259,0.3399698823335314,0.11750697137233355,0.003831881334132652,603
rail_investment_per_network_km,gdp_current_usd,level,-0.03835408256747693,0.3385584200098002,0.12121733278231421,0.0023808244736276715,625
rail_investment_per_network_km,fdi_pct_gdp,delta,0.03549048702441095,0.37665447960267345,0.00304229703850683,0.9396157531407396,623
rail_investment_per_network_km,exports_pct_gdp,delta,0.034280169654873856,0.3939224634935383,0.03693255630100532,0.3583327848900332,621
rail_investment_per_network_km,gov_deficit_pct_gdp,level,-0.03408490883828971,0.4328894959033784,-0.23119501145512641,6.115641504529873e-08,532
rail_investment_per_network_km,gov_revenue_pct_gdp,delta,0.0334679857874846,0.4331820176435483,-0.025664070627040535,0.5478983052552571,551
rail_investment_per_network_km,life_satisfaction_high_pct,delta,-0.032592137831994376,0.8006182424903587,0.11705855318094742,0.3623440609468704,63
rail_investment_per_network_km,education_spend_pct_gdp,delta,-0.03255493972551738,0.4896669223414073,-0.020669922054295145,0.6609965306698149,453
rail_investment_per_network_km,rail_gross_tonne_km,level,0.03251804705973276,0.4925801288758411,0.13245342800234142,0.004944581292547409,448
rail_investment_per_network_km,gdp_per_capita_eur,delta,-0.03219836233268154,0.42631347997505015,0.03622056023383808,0.37080132680158734,613
rail_investment_per_network_km,rail_accidents,delta,-0.03216289081297064,0.5387639712395023,0.025552692679430385,0.6253445843242231,368
rail_investment_per_network_km,rail_network_length_km,level,0.03148344840124702,0.41987604715441523,0.11464794163367224,0.003184038907396506,659
rail_investment_per_network_km,compensation_employees_meur,delta,-0.030801151744714324,0.44667317078367236,0.10966240095424143,0.006540092117186162,613
rail_investment_per_network_km,gdp_pps,level,-0.030627190853695765,0.44702466659232504,0.15147422163368707,0.0001514700223558398,619
rail_investment_per_network_km,gov_expenditure_pct_gdp,delta,0.030572337208719828,0.474051144208889,-0.006262596177266933,0.8834433850047423,551
rail_investment_per_network_km,rail_freight_tonnes,delta,0.028539646160247643,0.5434547736455373,0.042681797173441574,0.36335913329172836,456
rail_investment_per_network_km,ppp_factor,level,0.027853418807716343,0.4754868186203318,0.14319177588681728,0.00022173051985666098,659
rail_investment_per_network_km,imports_pct_gdp,delta,0.027125582308822473,0.49999555353986,0.04814734752646565,0.23097531750451092,621
rail_investment_per_network_km,birth_rate,level,-0.025540891778571894,0.5129131905125569,-0.10674141625747562,0.00606273609134117,659
rail_investment_per_network_km,gni_per_capita_usd,delta,-0.025502226943429008,0.5286977631609583,0.016695711855601293,0.6800521369407628,613
rail_investment_per_network_km,gdp_per_capita_pps,delta,-0.02532549984003445,0.5373349070995362,0.04006111231587535,0.3290276839003249,596
rail_investment_per_network_km,unemployment_rate_pct,level,-0.02524293941152041,0.5636636529509041,-0.15575169015027865,0.0003292290581231926,526
rail_investment_per_network_km,death_rate,delta,-0.024774783806108792,0.5272231414310631,-0.029273237061098287,0.4549963410806666,654
rail_investment_per_network_km,price_level_index,delta,-0.02441315955520642,0.5393083152577337,-0.06612421525890907,0.09595941404649107,635
rail_investment_per_network_km,rail_fatalities,delta,0.02351382445769263,0.6339273155575333,-0.001988167721453008,0.9678879311490233,413
rail_investment_per_network_km,rail_freight_tonne_km,level,0.022621858667648695,0.5861459357326257,0.10649971134439562,0.010099735810778407,582
rail_investment_per_network_km,co2_per_capita,delta,-0.02234801662258259,0.5827820806861455,-0.026588937040819945,0.513360061532196,607
rail_investment_per_network_km,rail_passengers,level,-0.02182835819808966,0.6753571599632697,0.18491962402521103,0.00033238411190466026,371
rail_investment_per_network_km,gdp_growth_pct,level,0.02140344880924392,0.5967082493399625,-0.020707948582557627,0.6086924178177776,614
rail_investment_per_network_km,fertility_rate,delta,0.019991637931096675,0.6180214324443193,0.031329132424239015,0.43444846033890144,625
rail_investment_per_network_km,life_expectancy_years,delta,0.01908005798033883,0.6341363414379403,-0.011323980571571614,0.7776127938770073,625
rail_investment_per_network_km,rail_passenger_km,delta,-0.01900443171945671,0.6502744174226379,0.052126263710933936,0.21330333060764817,572
rail_investment_per_network_km,population_total,level,0.018845441510439376,0.6308553668311545,0.1600213068855602,3.869661943713067e-05,653
rail_investment_per_network_km,gva_total_meur,delta,-0.018770473326984515,0.6426256526237086,0.12219676633021863,0.0023999347335264486,614
rail_investment_per_network_km,gdp_current_meur,delta,-0.0182786331286768,0.651363247625212,0.12360301568717341,0.0021336179250477606,614
rail_investment_per_network_km,gdp_per_capita_usd,delta,-0.01605063437488061,0.6893834599117334,-0.0567669235022772,0.1570666637437627,623
rail_investment_per_network_km,suicide_rate,delta,-0.015843178138629347,0.7424893247512386,0.07757565660982556,0.10698768851636134,433
rail_investment_per_network_km,unemployment_rate_pct,delta,0.015740255640309272,0.7232657853085462,0.10172992509716645,0.02165864744849839,509
rail_investment_per_network_km,gov_deficit_pct_gdp,delta,-0.014874574978024475,0.7369161311508171,-0.024791204635517965,0.5754937843053926,513
rail_investment_per_network_km,fdi_pct_gdp,level,0.01430109237999121,0.7213219982338284,-0.044965622500507944,0.26177906474550444,625
rail_investment_per_network_km,rail_train_km,level,-0.014261385187341219,0.779594463264938,0.3264206894117182,2.9696911659031356e-11,388
rail_investment_per_network_km,rail_fatalities,level,0.014094539817411189,0.770585273685958,0.16777680943653525,0.0004581130342987738,431
rail_investment_per_network_km,net_migration_rate,delta,-0.013443916489760847,0.7315697329355131,-0.07732735925940641,0.04804941092909641,654
rail_investment_per_network_km,rail_vehicle_km,delta,-0.013391138333210043,0.8313177372715184,0.03259060781101163,0.6040613298496771,256
rail_investment_per_network_km,gini_coefficient,delta,-0.01293228620283561,0.7766839865067757,0.08547801601859524,0.06020829861679368,484
rail_investment_per_network_km,gov_debt_pct_gdp,delta,0.01281093389447064,0.7629950756371553,-0.01053590010795179,0.8041384201683476,557
rail_investment_per_network_km,gdp_pps,delta,-0.012525409018158235,0.7601478218107317,0.17142280937244844,2.4473888258838754e-05,597
rail_investment_per_network_km,suicide_rate,level,0.011913501758571261,0.8004726178840457,0.11348621391398515,0.01561371943565316,453
rail_investment_per_network_km,homicide_rate,level,0.011852999501905945,0.7814080292709882,-0.14674136019701203,0.0005399609079821766,551
rail_investment_per_network_km,rail_accidents,level,0.01150753889944464,0.8168526097540246,0.239838014306445,8.543464975861677e-07,408
rail_investment_per_network_km,ppp_factor,delta,-0.010580188673298156,0.7902455672019411,0.025966016471673858,0.5138063721925341,635
rail_investment_per_network_km,rail_track_length_km,delta,0.010447708534102701,0.7998292971446803,0.036245518042570035,0.37883781896109675,592
rail_investment_per_network_km,gini_coefficient,level,-0.010028408415637702,0.818086992583793,-0.17399935376835196,5.538850273606048e-05,529
rail_investment_per_network_km,gdp_current_usd,delta,-0.009724848639339603,0.8086605176392091,-0.01868475634710907,0.6417160371003054,623
rail_investment_per_network_km,net_earnings_eur,level,-0.009544608377952552,0.8340162121023154,0.09314712366146613,0.0402724241652998,485
rail_investment_per_network_km,pop_growth_rate,delta,-0.009294543020196267,0.8118319909161945,-0.03772150462024983,0.33374375525055294,659
rail_investment_per_network_km,rail_vehicle_km,level,-0.009128740144379498,0.8816409197445488,-0.024759521088766084,0.686287641585999,269
rail_investment_per_network_km,internet_users_pct,delta,0.006522970735143267,0.8711792431879827,0.01493134257164832,0.7104774919948267,621
rail_investment_per_network_km,rail_freight_tonnes,level,-0.006044249595386947,0.8951955064005458,0.08547922341118758,0.061827069925022744,478
rail_investment_per_network_km,rail_passenger_km,level,0.005901428078714705,0.885633168933702,0.29026883849617374,3.244358713401329e-13,597
rail_investment_per_network_km,cars_per_1000_inhabitants,delta,-0.005728151576419855,0.8855864640779508,-0.15688245328627862,7.077685450874646e-05,634
rail_investment_per_network_km,net_earnings_eur,delta,0.005515007411312568,0.9058418972191657,0.07954103682628451,0.08734418532111791,463
rail_investment_per_network_km,rail_network_length_km,delta,0.005190950466178127,0.8942294459963774,0.07246524230448304,0.06298819009054829,659
rail_investment_per_network_km,population_density,level,0.004680061613559954,0.9091871916369563,0.33340303309119085,2.947091534036034e-17,597
rail_investment_per_network_km,rail_employees,delta,-0.004664707130512652,0.9347533737610547,-0.04614890890660969,0.41766104534753323,311
rail_investment_per_network_km,rail_electrified_km,level,0.0041956295824732955,0.9144231204594135,0.16798898235907403,1.4004511072698076e-05,659
rail_investment_per_network_km,health_spend_pct_gdp,delta,0.0031360048419024457,0.9449957225839586,-0.005601957250034266,0.9019136080270272,487
rail_investment_per_network_km,rail_high_speed_pkm,level,0.0028522325984130467,0.9686389128966343,0.387855818082946,1.686252671073641e-08,193
rail_investment_per_network_km,rail_electrified_km,delta,-0.002427973950715661,0.9504142353944417,0.17956627495846253,3.326580589725929e-06,659
rail_investment_per_network_km,rail_passengers,delta,-0.001573509265414109,0.9768533441991695,0.1172330893090422,0.029881553491592133,343
rail_investment_per_network_km,freight_modal_split_rail_pct,level,0.00037655037433883545,0.9940364174820703,-0.24600431314811047,6.186910482533089e-07,397
rail_investment_per_network_km,rail_train_km,delta,0.00028420886946974884,0.9956795509254435,0.10492651286054204,0.04480251385906221,366
rail_investment_pps,inflation_pct,level,0.29414094804730945,2.5436414830607732e-14,0.11379693518940978,0.004062643072630551,635
rail_investment_pps,rail_wagons,level,0.22348694401564712,2.356071993278349e-07,0.4767509872809855,4.1112511111838596e-32,520
rail_investment_pps,passenger_modal_split_rail_pct,level,0.20709471629638168,2.152394865553511e-07,0.4536988328228338,1.4127175730307708e-33,612
rail_investment_pps,infant_mortality_rate,level,0.2002643664699694,4.1270195866597583e-07,-0.04661631619558165,0.244646645599076,625
rail_investment_pps,poverty_risk_rate_pct,level,0.18881548896210965,0.07635006696210926,0.11720356269670329,0.2748685495715718,89
rail_investment_pps,electricity_access_pct,level,-0.18592260757553625,4.547489044095362e-06,0.12348837300831508,0.0024854031529777986,597
rail_investment_pps,rail_employees,level,0.16531941445062423,0.0027954798026362756,0.46572404953179564,1.5583983695132684e-19,324
rail_investment_pps,internet_users_pct,level,-0.1499712429366022,0.00016813318222125861,-0.2194278027150991,2.7917043875512933e-08,623
rail_investment_pps,cars_per_1000_inhabitants,level,-0.14164283938141295,0.0003057422492988251,0.11699408310142569,0.0029233957267463424,644
rail_investment_pps,life_expectancy_years,level,-0.14011432068055743,0.00043549794945277326,0.11572890973677581,0.0037404380336531046,625
rail_investment_pps,rail_locomotives,level,0.13795439970393641,0.0010501515448116676,0.5649328194228392,1.4853095082371626e-51,560
rail_investment_pps,rail_high_speed_pkm,delta,0.1367932745973706,0.07525443551592008,0.5514282666563066,1.07708821368631e-15,170
rail_investment_pps,gov_revenue_pct_gdp,level,-0.128722486535528,0.0020360321702314783,0.13086263767028908,0.0017079963935173236,571
rail_investment_pps,gdp_per_capita_pps,level,-0.1238737806962175,0.0020162447724541782,0.06549375709049592,0.10383894618917433,618
rail_investment_pps,rail_seat_km,delta,-0.1226076203239119,0.15684072910893632,-0.029841596952022917,0.7316318073161099,135
rail_investment_pps,price_level_index,level,-0.1225111034519166,0.0016123867913170975,0.12311740233053844,0.001527417820705675,659
rail_investment_pps,urban_population_pct,level,-0.11347933517481545,0.004477391094642926,0.22947804638813946,5.645777776206316e-09,625
rail_investment_pps,gov_expenditure_pct_gdp,level,-0.1094076189698885,0.008845620237353202,0.23794064867159234,7.3998848550932494e-09,571
rail_investment_pps,fertility_rate,level,-0.10259257401089134,0.010238005015620928,-0.18252418413276697,4.149968394794395e-06,625
rail_investment_pps,life_satisfaction_high_pct,delta,0.10233031974614636,0.4263625446725446,0.037967605238160326,0.7685766223908103,63
rail_investment_pps,exports_pct_gdp,level,-0.10069896421492085,0.011736624510327911,-0.23377446477135227,2.8475641386268255e-09,625
rail_investment_pps,poverty_risk_rate_pct,delta,-0.10012202728614326,0.4252387953474598,-0.24488566903652778,0.04725194969291077,66
rail_investment_pps,passenger_modal_split_rail_pct,delta,-0.09799567660938432,0.015772608108341416,0.02285947585991266,0.5745000553037163,606
rail_investment_pps,rail_seat_km,level,0.097943192227966,0.2399958807260134,0.4822952521844026,3.1808444523140523e-10,146
rail_investment_pps,rail_high_speed_pkm,level,0.09728396876559046,0.1785537040778873,0.5804301235490151,6.224708835417742e-20,193
rail_investment_pps,education_spend_pct_gdp,level,-0.09719637584293403,0.03230180808417082,-0.026503900603781463,0.5605558031132873,485
rail_investment_pps,gni_per_capita_usd,level,-0.095853924855009,0.017196403649994623,0.0877335855890052,0.02929037146571976,617
rail_investment_pps,gdp_per_capita_eur,level,-0.0951747011524592,0.016655935765810547,0.11454740756816344,0.003907935214261547,632
rail_investment_pps,gdp_per_capita_usd,level,-0.09499165621906046,0.0174896263383678,0.1078237863772874,0.0069420394906225535,625
rail_investment_pps,inflation_pct,delta,0.09052012498839103,0.023477051088636597,0.002547781394552408,0.9492945608213963,626
rail_investment_pps,rail_wagons,delta,-0.0889132407983058,0.04937737531961462,-0.21815744725760008,1.0190567690050654e-06,489
rail_investment_pps,infant_mortality_rate,delta,-0.08740048279406853,0.02886410258049403,0.0061248764142625275,0.8785907872981479,625
rail_investment_pps,imports_pct_gdp,level,-0.08346697660849883,0.03693201538901539,-0.2933147195020135,4.82471835120074e-14,625
rail_investment_pps,life_satisfaction,delta,0.08319170442373935,0.5183486685415772,-0.06602563881003225,0.6085267704775774,63
rail_investment_pps,life_satisfaction,level,0.08166250590377187,0.3416296382491591,0.31657901861720006,0.00013943849623840082,138
rail_investment_pps,rail_gross_tonne_km,delta,-0.07798837257061743,0.10841747876416957,0.03675066789356142,0.45007148942413056,425
rail_investment_pps,material_deprivation_pct,level,0.07754841329287113,0.15012044553012127,-0.17884703258172238,0.0008130805944244979,346
rail_investment_pps,rail_freight_tonne_km,delta,-0.07231855155214577,0.08787939131354024,0.019965149389703587,0.6380619472729518,558
rail_investment_pps,material_deprivation_pct,delta,0.07176156607266587,0.1943148772196093,0.11638476887355151,0.03477681545134613,329
rail_investment_pps,health_spend_pct_gdp,level,-0.07078026814961093,0.11145782612346992,0.1689782526410684,0.00012799209657807326,507
rail_investment_pps,arope_rate_pct,delta,0.0689860997599781,0.2121929471571955,0.11051172806613528,0.04512105533646824,329
rail_investment_pps,pop_growth_rate,level,-0.060765156567129226,0.11916992161269525,0.18055601845623617,2.928805745038134e-06,659
rail_investment_pps,population_density,delta,-0.059884977317016495,0.14427866732042688,0.19136529616874057,2.3791975682203472e-06,596
rail_investment_pps,rail_locomotives,delta,-0.05681978315250408,0.18994734753765166,-0.12898270977117654,0.0028002600837669024,534
rail_investment_pps,co2_per_capita,level,-0.054649873684150425,0.1788070236854503,0.20612300897539362,2.756278830532142e-07,607
rail_investment_pps,population_total,delta,-0.053131674771212785,0.1751392421249112,0.2831581621051949,1.1542232927642002e-13,653
rail_investment_pps,rail_track_length_km,level,0.05157358312953299,0.20608237929176396,0.5747496606686456,7.39216938327586e-58,603
rail_investment_pps,rail_gross_tonne_km,level,0.05058270723345195,0.2855408890443442,0.49399812637622703,3.3421949406843724e-30,448
rail_investment_pps,death_rate,level,0.04912498035289093,0.20899113736599634,-0.1347406022903009,0.0005317914483756792,656
rail_investment_pps,urban_population_pct,delta,-0.04889016860124508,0.22235489774622494,-0.008456449725328427,0.832958848120709,625
rail_investment_pps,net_migration_rate,level,-0.04876665216609134,0.2123367386563977,0.32759782133988835,3.5686366115184346e-18,656
rail_investment_pps,freight_modal_split_rail_pct,delta,0.048513234924387416,0.34519719786969955,0.10293126264088634,0.04460874029591315,381
rail_investment_pps,birth_rate,delta,0.04836971827793874,0.2153857087732792,0.03364983759987271,0.3889492448570285,658
rail_investment_pps,homicide_rate,delta,-0.047600706327059664,0.2705311397849775,0.07547510477493787,0.08027883725543346,538
rail_investment_pps,gov_debt_pct_gdp,level,-0.04662437208823751,0.266562339562793,0.19768155623728606,1.8428039153033853e-06,570
rail_investment_pps,arope_rate_pct,level,0.04660628736743435,0.38770529111505814,-0.1641075684868268,0.00216183799345116,346
rail_investment_pps,rail_network_length_km,level,0.045472566132137536,0.24382891561923492,0.5590511143458519,7.812185969217614e-59,659
rail_investment_pps,electricity_access_pct,delta,0.04285798374841025,0.2963467002955418,-0.1534336942349645,0.0001658199496686295,596
rail_investment_pps,gdp_growth_pct,delta,0.04214950102038997,0.3048210788605555,-0.014137566062741264,0.7308427149965057,595
rail_investment_pps,rail_freight_tonne_km,level,0.03926592200988409,0.3444959921390671,0.4183138551803752,7.910084098180104e-27,582
rail_investment_pps,population_total,level,0.035944936462933424,0.35923977363418497,0.5606704515683194,9.804498215611436e-59,653
rail_investment_pps,rail_accidents,delta,-0.035459977618525734,0.4979327011063148,-0.009488717678058612,0.8561422014580682,368
rail_investment_pps,gov_revenue_pct_gdp,delta,0.03149166119871662,0.4608519405500918,0.013894809024137497,0.7449615417133024,551
rail_investment_pps,rail_freight_tonnes,delta,0.031230071638791844,0.5061076007754306,0.019595106106088462,0.6765967475740582,456
rail_investment_pps,compensation_employees_meur,level,-0.03007642529841141,0.45016496304289777,0.4721517457065213,6.464136956796669e-38,633
rail_investment_pps,education_spend_pct_gdp,delta,-0.029799856684144307,0.5271662696774848,0.003701304644499379,0.9374168978442017,453
rail_investment_pps,fdi_pct_gdp,delta,0.02973031599355156,0.4589984063547524,0.014901472891761466,0.7105845382079711,623
rail_investment_pps,exports_pct_gdp,delta,0.029605837839092285,0.46160619089251465,0.030784448245934,0.44395533335641996,621
rail_investment_pps,gdp_per_capita_eur,delta,-0.028958924303228405,0.47434170909844087,0.011447758409525177,0.777367620454895,613
rail_investment_pps,gov_deficit_pct_gdp,level,-0.02888878676417929,0.5062890778419346,-0.27600131443385323,7.172047292989262e-11,532
rail_investment_pps,gov_expenditure_pct_gdp,delta,0.028152406772954795,0.5097640494918189,0.03273451109257945,0.44333772841169655,551
rail_investment_pps,gdp_current_usd,level,-0.026206845345476074,0.5132751248230643,0.4532558263255394,3.497169467676906e-34,625
rail_investment_pps,gdp_current_meur,level,-0.026033015548865165,0.5133881190206132,0.47270974288663387,5.117388689254987e-38,633
rail_investment_pps,gva_total_meur,level,-0.025812051877850628,0.5169711718277101,0.4737824898448772,3.261362797940047e-38,633
rail_investment_pps,gni_per_capita_usd,delta,-0.025769215038131177,0.5243895968580872,-0.045126964483153544,0.2647170424040068,613
rail_investment_pps,rail_employees,delta,-0.025016720018429327,0.6605649672704357,-0.19231774151343536,0.000631474334111344,311
rail_investment_pps,gdp_per_capita_pps,delta,-0.02471948909616829,0.5471198545515228,-0.007474990761437696,0.855558154087072,596
rail_investment_pps,imports_pct_gdp,delta,0.02448501650529894,0.5426506886300964,0.04633235375940343,0.24906257142102778,621
rail_investment_pps,rail_fatalities,delta,0.024436228559278714,0.6206746372554817,0.0007052056102767259,0.9886071320940654,413
rail_investment_pps,birth_rate,level,-0.023652095995596856,0.544579673017304,-0.057963174470357134,0.13721364479376477,659
rail_investment_pps,death_rate,delta,-0.023637317255800816,0.5463680269972571,-0.029287522666244473,0.4547761821749126,654
rail_investment_pps,co2_per_capita,delta,-0.02214493819814577,0.5862129584254487,-0.053560893442050214,0.1876390996446488,607
rail_investment_pps,compensation_employees_meur,delta,-0.02133309199957857,0.5982154939616005,0.31817699195289356,3.9218723481349763e-16,613
rail_investment_pps,rail_electrified_km,level,0.021161912571516544,0.5877562650251253,0.5701485457424947,8.189213431036157e-62,659
rail_investment_pps,unemployment_rate_pct,level,-0.020283042741204713,0.6427047404131143,-0.17874538548979685,3.593835575687356e-05,526
rail_investment_pps,fertility_rate,delta,0.020203008487101264,0.6143104678766635,0.01588013962515683,0.6920439222247666,625
rail_investment_pps,rail_passenger_km,level,0.019559587194800693,0.6335263953284351,0.6499540554893298,1.2844012362331687e-79,597
rail_investment_pps,gdp_growth_pct,level,0.019436936554436714,0.6308642498174224,-0.09594101253880777,0.017367850090368512,614
rail_investment_pps,rail_passengers,level,-0.019226118532241026,0.7122273421035406,0.5137499142084949,1.251495173217183e-27,371
rail_investment_pps,rail_passenger_km,delta,-0.018739872895405407,0.6548259365655413,0.15603671389188184,0.00017493118345813274,572
rail_investment_pps,price_level_index,delta,-0.01823456688465828,0.6466214763027373,-0.10644190845404648,0.0072295073063142964,635
rail_investment_pps,suicide_rate,delta,-0.016674166838117375,0.729496834153909,0.07483197349411118,0.12002823162563088,433
rail_investment_pps,gdp_pps,level,-0.016435026010801067,0.6833152651418241,0.507747481779598,7.168163727070604e-44,619
rail_investment_pps,unemployment_rate_pct,delta,0.0164205797762098,0.7118258625802812,0.07825992639448014,0.07772848909460842,509
rail_investment_pps,gdp_per_capita_usd,delta,-0.016164908754111813,0.6872880942031689,-0.07617733914367725,0.057369854025770856,623
rail_investment_pps,life_expectancy_years,delta,0.015656208692633563,0.696169352190178,-0.052841115404782486,0.1871416244211055,625
rail_investment_pps,gov_deficit_pct_gdp,delta,-0.013266641391790205,0.7644666271902653,-0.0445007252013826,0.31459260443455855,513
rail_investment_pps,homicide_rate,level,0.013021782117004707,0.7604809044594618,-0.27026590921606947,8.70232970949675e-11,551
rail_investment_pps,net_migration_rate,delta,-0.013011596139902732,0.7398849317946459,-0.07425244242810783,0.05769314981682772,654
rail_investment_pps,gini_coefficient,delta,-0.012136761227678145,0.7900905545768244,0.06302595660615534,0.16632729730654885,484
rail_investment_pps,rail_vehicle_km,delta,-0.01210746824243557,0.8472796990814807,0.06484000940048983,0.3017010253479667,256
rail_investment_pps,ppp_factor,delta,-0.011162397240191177,0.7789942257933878,0.04619401789187748,0.24518400778385163,635
rail_investment_pps,rail_fatalities,level,0.011007383712226917,0.8198548091512039,0.5237078595452225,2.5069653815229622e-33,431
rail_investment_pps,rail_train_km,level,-0.010848552745471408,0.8314265473924395,0.7421561169157864,2.1834872118715367e-78,388
rail_investment_pps,ppp_factor,level,0.010001690286839601,0.7978143186268697,0.29894256333963826,2.838279767116652e-15,659
rail_investment_pps,population_density,level,0.009996546598307898,0.8075056946921667,0.39011648692378265,1.0189458551544385e-23,597
rail_investment_pps,rail_track_length_km,delta,0.00943115444042935,0.8189509057846762,0.0532298354336876,0.19598538942414787,592
rail_investment_pps,pop_growth_rate,delta,-0.008967722079728192,0.8183311803218466,-0.03279757616491994,0.40072382544584306,659
rail_investment_pps,net_earnings_eur,level,-0.00860499768394801,0.8501531111552131,0.15906257565141685,0.0004282301258133167,485
rail_investment_pps,gov_debt_pct_gdp,delta,0.00858553827498465,0.839850636694734,0.0008481766784735596,0.9840723197844117,557
rail_investment_pps,cars_per_1000_inhabitants,delta,-0.008388525892838592,0.8331039655453121,-0.22568572696997238,7.99969223040969e-09,634
rail_investment_pps,fdi_pct_gdp,level,0.008313452095924465,0.835743031599101,-0.09747589567627145,0.014736710546713954,625
rail_investment_pps,rail_accidents,level,0.008177945389824871,0.8692732790843785,0.5868804744115591,8.866961071581105e-42,408
rail_investment_pps,gva_total_meur,delta,-0.0075335376131532485,0.8522717496417158,0.325778672706557,6.419369020802647e-17,614
rail_investment_pps,rail_vehicle_km,level,0.007486017101270877,0.9028233660185042,0.3173631417737064,8.270138680012678e-08,269
rail_investment_pps,gdp_current_meur,delta,-0.00662692356563184,0.8698811604347992,0.3307314150037345,1.988464143998357e-17,614
rail_investment_pps,gdp_current_usd,delta,-0.006526773448853422,0.8708982256341542,0.027542754127151958,0.49272411549769013,623
rail_investment_pps,rail_freight_tonnes,level,-0.005041220869294178,0.9125110535048039,0.4189879896650955,2.235907050490746e-22,478
rail_investment_pps,net_earnings_eur,delta,0.005039497780284512,0.9139273933789481,0.01600213505248031,0.7314202764315606,463
rail_investment_pps,gdp_pps,delta,-0.005012237768886326,0.9027724158754307,0.3936898810093594,3.571597711043262e-24,597
rail_investment_pps,life_satisfaction_high_pct,level,-0.004670997948586984,0.9567180698228771,0.281108790206589,0.0007892222847272348,138
rail_investment_pps,health_spend_pct_gdp,delta,0.0038842261176588646,0.9319009378610258,0.03183328707445789,0.48357201647173875,487
rail_investment_pps,rail_network_length_km,delta,0.0030925381709719334,0.9368672793552116,0.11392078936619432,0.0033839803036867337,659
rail_investment_pps,gini_coefficient,level,-0.003047626654313296,0.9442759683972848,-0.16701695668755817,0.0001103148198204161,529
rail_investment_pps,internet_users_pct,delta,0.0030077603663299503,0.9403961500407076,0.0029267032200573245,0.9419995719740913,621
rail_investment_pps,rail_electrified_km,delta,0.002962676993862569,0.9395131545151053,0.3666477500295472,6.912631614396711e-23,659
rail_investment_pps,freight_modal_split_rail_pct,level,-0.0027422571102510168,0.9565906768892795,-0.3566264919437291,1.3199749333925882e-13,397
rail_investment_pps,rail_train_km,delta,0.002163340881826774,0.9671227067614672,0.16333364358823127,0.0016891980013185653,366
rail_investment_pps,suicide_rate,level,-0.001627624766092435,0.9724567801073933,-0.030458338517161492,0.5180728850542939,453
rail_investment_pps,rail_passengers,delta,0.0012196930353256692,0.9820570573360298,0.24120525993644917,5.705980571706444e-06,343
